id,name,paper_number
10050380,"Fink, Iris",1
10130103,"Vandeventer, Irene",2
10152155,"Little, Abigail",3
10203891,"Coleman, Ashley",4
10399145,"Obrien, John",5
10419996,"Robinson, Glen",6
10433917,"Wood, James",7
10493869,"Titus, Ruben",8
11015491,"Crosby, Mary",9
11135153,"Garcia, Theodore",10
11243985,"Mcginity, Jessie",
11292393,"Linthicum, Lawrence",
11321020,"Montoya, Richard",
11415065,"Ingram, Evelyn",
11717306,"Berry, Arnold",
11770182,"Perkins, Albert",
11782625,"Nix, Mary",
12143240,"Horton, James",
12368663,"Micheau, Barbara",
12370103,"Khan, Josephine",
12576612,"Colston, Jennifer",
12635884,"Roberts, Romona",
12738868,"Willis, Diana",
12773384,"Benning, Jenine",
12789466,"Lara, Fredrick",
12920880,"Tomer, Juan",
13003851,"Poremski, Eric",
13120899,"Pugh, Anthony",
13250896,"Boatman, Daniel",
13257530,"Kaufman, Keith",
13350100,"Malone, Betty",
13363050,"Williams, Catherine",
13395724,"Mccluney, Andrew",
13399949,"Ezpeleta, Laura",
13441645,"Cannon, Raymond",
13589573,"Duncan, Luis",
13743463,"Blackburn, James",
13770745,"Jencks, Mildred",
13953305,"Steiner, Justin",
13957773,"Brown, Gary",
13984285,"Ward, Roy",
13985060,"Thompson, Roger",
13988000,"Gargiulo, Christina",
14068958,"Jones, Walter",
14230101,"Chisolm, Phyllis",
14326892,"Wawrzyniak, Bethany",
14410109,"Provino, Mary",
14469484,"Smith, Luciano",
14474701,"Barringer, Ashley",
14482575,"Cobb, Nicole",
