id,surname,name,code
10050380, Fink, Iris, ckkakjbk
10130103, Vandeventer, Irene, kajcmebm
10152155, Little, Abigail, gkackdgk
10203891, Coleman, Ashley, ejbljlki
10399145, Obrien, John, edeedgme
10419996, Robinson, Glen, biebckeg
10433917, Wood, James, lbajbekc
10493869, Titus, Ruben, bgjemjjj
11015491, Crosby, Mary, fdjcjhei
11135153, Garcia, Theodore, baeljjhj
11243985, Mcginity, Jessie, kkdabmhh
11292393, Linthicum, Lawrence, ciaiabgg
11321020, Montoya, Richard, mibmhlad
11415065, Ingram, Evelyn, ahlkgmhe
11593837, Hampton, Dolores, ccecjfeb
11717306, Berry, Arnold, ieakfmla
11770182, Perkins, Albert, mbldbkai
11782625, Nix, Mary, lecedecf
12143240, Horton, James, lleeajem
12368663, Micheau, Barbara, kjbbiabb
12370103, Khan, Josephine, kfgemgjc
12576612, Colston, Jennifer, checilel
12635884, Roberts, Romona, fbdfdgbd
12738868, Willis, Diana, cccaaagf
12773384, Benning, Jenine, hgbhkjmh
12789466, Lara, Fredrick, bcfefahl
12920880, Tomer, Juan, diihjiai
13003851, Poremski, Eric, iiikcjmf
13120899, Pugh, Anthony, jllfaafe
13250896, Boatman, Daniel, lclibfbd
13257530, Kaufman, Keith, aebagile
13350100, Malone, Betty, afiddfjk
13363050, Williams, Catherine, kealcmkj
13395724, Mccluney, Andrew, jdibblfd
13399949, Ezpeleta, Laura, cedjfhgc
13441645, Cannon, Raymond, cegjcaaa
13589573, Duncan, Luis, geiejcal
13743463, Blackburn, James, dichladl
13770745, Jencks, Mildred, hcjljlai
13953305, Steiner, Justin, cfkfieih
13957773, Brown, Gary, accmakdk
13984285, Ward, Roy, kajfdkdh
13985060, Thompson, Roger, hebdldgk
13988000, Gargiulo, Christina, gdfieabm
14068958, Jones, Walter, iekglgje
14230101, Chisolm, Phyllis, jbbbkabk
14326892, Wawrzyniak, Bethany, cegllijc
14410109, Provino, Mary, ccmkjdaa
14469484, Smith, Luciano, decmgeik
14474701, Barringer, Ashley, fjkljifm
14482575, Cobb, Nicole, fmgmccck
14560113, Orefice, Nicholas, abfmmdhd
14575353, Biggs, Mary, eceihfeh
14603121, Coy, Robert, meagilfc
14641362, Meilleur, Lawrence, fkjclaam
14650568, Sundquist, Linda, jhfimljj
14654896, Pough, Taneka, ajbgamcg
14715112, French, Fredrick, cejakieh
14763236, Vineyard, Charles, ibagfgfi
14826821, Reed, Joe, ajjmmbkm
14870124, Shaw, Mildred, labgggja
14898689, Read, Timothy, bagjefjl
14990307, Querry, Susan, eajmfbgk
14996306, Snyder, Edward, keghcfml
15016103, Alfred, Robert, hglahegc
15171537, Lei, Mary, ijhmedlf
15237126, Vanauker, Joanne, bhmbgdlk
15259193, Weston, Holly, halbacdc
15285992, Arledge, Dwayne, cbmjfgmg
15291634, Hoang, Amy, kbilfdef
15581242, Streit, Brett, ffkhaaba
15611920, Mandolini, Gary, mdmdgled
15638105, Fluellen, Iona, dmikekeh
15679968, Gonzales, Donna, kegbkjbc
15804432, Henry, Robin, cijblbmd
15818263, Lamoreaux, Ernestine, ilehmjhc
15998917, Jimenez, Lora, bblfjbai
16084551, Geller, Jason, kjjecdhc
16398505, Rosado, John, cdbafbef
16603202, Peterson, Agnes, cbadgelk
16644114, Bowdry, David, ecfccamd
16645847, Lampe, Vanessa, kgggkigd
16713760, Crawford, Luis, ailmfbml
16742288, Sharley, Kathleen, abfkagkg
16766830, Helmer, Lydia, bijmaiem
16982443, Wright, Myrtle, bblmbamc
17076120, Snyder, Terry, cihhlkce
17276980, Cave, Alex, aackmgja
17358366, Kilby, William, bajlemmi
17726191, Light, Dorothy, lmlehhah
17954936, Mackey, Melvin, cgibdkfd
18128810, Mcdonald, Daniel, fdfiljac
18291591, Cofer, Iva, gagelmjh
18380031, Scott, Joseph, jhhmjkkm
18418186, Tuplano, Edward, fkcglhhm
18506511, Lucero, Michael, gmdmamik
18743439, Copes, Raymond, bkekbmdi
18845677, Mcgowan, Ronnie, hcfjllig
19180643, Otwell, Emma, abajelha
19238158, Maier, Thomas, lbbfjgbj
19293680, Shani, Shannon, hclhjibj
19357256, Carter, Rhonda, dcbhllcg
19401097, Cervantes, Robert, ddilciaj
19460113, Lemon, George, fkciabid
19548637, Gray, Mark, hjamcbfa
19573609, Holsey, Charles, jfhchmkc
19686121, Viernes, John, cdljghcf
19776467, Grant, Lori, cejdkglf
19838128, Salas, Lenard, kkkibeji
19986274, Goldston, Walter, bjchkdmj
20263700, Garcia, James, bgfhjidm
20283938, Mull, Alice, mcffdfhl
20301945, Lamb, Tammy, ghddalme
20505997, Valdovinos, Larry, egfkicje
20531654, Lewis, Eugene, jdbkhibi
20593991, Stanley, Ronald, kiceibbi
20799258, Heiliger, Boris, ikfkebgm
20911422, Burns, Kraig, djkbfdki
20977925, Arnold, Beverly, jjlfacgi
21188393, Ellingwood, Marianne, mmifagjc
21297246, Musselwhite, Raymond, acfhdjkh
21341018, Lance, Theodore, lgcjailf
21583583, Botts, Araceli, fhaebbmg
21643023, Andrade, Dessie, edjcaieb
21993577, Hall, Melissa, kfabegmd
22099124, Rogers, James, idfhjigc
22139899, Banda, Marilynn, aadffgim
22153745, Washington, Christopher, adbeekmm
22198526, Gonzales, Victor, ielccaac
22319273, Michaud, Ryan, ekeemcia
22444933, Miller, Bernice, hefgcaie
22532999, Donald, Fletcher, lmjimjie
22566441, Stieger, Jessica, jdjahmbk
22605016, Vanoy, Rosalyn, maaeffec
22808040, Williams, Michael, gladbhgg
22981834, Suda, Christina, amflkacc
22991579, Talbot, Lewis, ggakgkcd
23203714, Figueroa, Walker, liajkddm
23208254, Arnold, Stephen, ecmggmcg
23217852, Demme, Delia, lfbdimkd
23421475, Olson, Wanda, mlekfbig
23555261, Thomas, Renee, fdcghjic
23558439, Donovan, Kim, lcecbmkc
23654552, Mauffray, Prudence, kdkgkddd
23696972, Mignot, Fannie, clicmjih
23755532, Henry, Sharon, klemkcmi
23828315, Cason, Gregory, bddjaadk
23959226, Aguilera, Dennis, klkhdjlh
23959609, Moynihan, Elaine, bemdjeel
23967980, Beckett, Rachel, mmkjgglh
24054824, Coles, Harold, iblmkfil
24117971, Scott, Vada, dbagjbda
24175626, Hall, James, jfehgfhl
24210196, Floyd, William, lfjmmime
24235340, Luce, Eddie, efibjdig
24286335, Denman, Dara, cjihljfe
24438073, Knaub, Carol, kemkglbh
24587356, Mcgilvray, Clifford, kjcmjafi
24696083, Bierce, Joann, bdjgbkgm
24738715, Gaston, James, jkmdifhd
24739644, Teague, Sharon, dihedelh
24977882, Samuels, Jay, aimeggej
25041430, Richardson, Kimberly, fcmbgefd
25117841, Shapiro, Troy, ljcgeaki
25132674, Johnson, John, kdcekbli
25192927, Hoffman, Margaret, cdkkhfda
25208185, Larson, Steve, abalbicl
25458361, Hinson, Dale, egbkjdmi
25551406, Maser, Rina, cjbekfij
25730569, Mahan, Mary, fabciflb
25832390, John, John, lgmlfamj
25857583, Garcia, Taylor, abaekfga
25963039, Darling, Devon, llhaabkc
26109825, Petillo, Wayne, bfiflggl
26139639, Doil, Alice, mkjhecei
26178000, Nevarez, Sally, kbghcedj
26273957, Webb, Peter, mjgghbbm
26758748, Catalano, Eunice, hcbchkfg
26784624, Harness, Betty, figkdhhf
26830727, Gibson, Brent, biddfkcj
26969561, Watkins, Jose, cdkkkmch
26986727, Townsend, Erlene, hajhcedh
26995969, Mcglinchey, Diane, cidhmkjk
27155848, Richardson, John, dgdhmice
27409378, Lentini, Lori, elkmlaek
27512671, Cook, Jessica, dfbchbmg
27674502, Salas, Heidi, bdeemhgc
27702658, Hopkins, Myrtle, hcljheih
27748063, Birchler, Jacqueline, edkdcagc
27778462, Otten, Elizabeth, hkbmgfjd
27912643, Elkins, Joella, afeaglcf
28008467, Colli, April, cjdkjhij
28016628, Evans, Sarah, lmmcljgg
28036544, Olsen, Donna, kcagdgcj
28220227, Dowler, Katherine, hgjljidh
28290574, Shipman, Gladys, jlhigcec
28373886, Williams, Austin, ijkcbffg
28473080, Davidson, Joseph, chaebbbl
28615360, Williamson, Steven, cdbjeeha
28734005, Smith, Joann, gefeljke
28795179, Harris, Laura, bgmgkhff
28987397, Moore, Joan, ikcjlcfj
29147111, Schrag, Pedro, alaafggj
29201615, Ha, Jason, mglecjcl
29292393, Singletary, Luis, hdccajlc
29371437, Smith, Helen, bicakege
29405559, Fisch, Beverly, ielhaijf
29440538, Hinkel, Donald, efgbclfj
29511928, Hebert, David, ikjkdmde
29549869, Muchow, Michael, llbmdfem
29594360, Lancaster, Reba, dhiclkef
29621863, Lee, Eleanor, gkgcfdeg
29633842, Perez, Yvonne, igbkahhf
29710764, Bryant, Michael, dgagighb
29780240, Micale, Jennifer, lgecdeek
29792698, Bullock, Paul, cfffafml
29914821, Pride, Kathleen, bdcfleml
29919369, Wagner, Brandon, ajjfafbd
29957877, Ray, John, mbakceej
29974855, Perrigo, Tonya, fkbcgdim
29988963, Garstka, Karen, gdgkciaa
30106416, Gardner, Annie, cddlmdii
30233990, Mack, Ruby, mkijcbhm
30273479, Condon, Dwight, lgilimjj
30367211, Goings, Molly, jfcaellj
30372111, Sliva, William, eaieiaag
30388076, Anderson, Rebekah, gjglimae
30621926, Labonte, Jimmie, lflbhjhm
30631375, Shade, Tina, ieececlf
30647092, Labbe, Joe, lcilkfkl
30693347, Simon, Jamie, hffgcldc
30718668, Rodriguez, Emilie, iejidfbb
30764099, Archuleta, Ricardo, jjkaflgc
30984791, Barnes, Charles, jeklajij
31033795, Loveall, Rose, ekiljijc
31080562, Moreno, Marion, mhkbljea
31231417, Barrickman, Eric, afcmlehh
31259966, Gibson, Samuel, feidelgd
31275296, Martin, Harry, hbgdaekd
31510752, Hernandez, Richard, gfcahhei
31576051, Ward, Sylvia, cbccggbh
31660058, Felps, Johnny, dbbmbdei
31778241, Freeman, Mark, fhbbjdke
31791043, Seigel, Scott, cadfkhfe
31871388, Guerrero, Ryan, biaaecac
31936708, Seaborn, Otilia, abcdhmjg
31980757, Mcfadden, Raymond, gkhlmdlm
32082624, Mcdaniel, Katherine, jchgfbkh
32116483, Villarreal, Donnie, kiebkaeh
32216677, Wilfong, Katherine, hhmcdhgk
32286352, Moskowitz, Janell, hfhllhll
32289596, Taber, Micheal, mjakdlgc
32313982, Breheny, Charles, ljlclabc
32335012, Caldwell, Audrea, mkihjjdb
32423662, Bates, Nora, jdikbagc
32428655, West, Robert, gmdkjfbg
32433055, Chaffin, Theresa, jbimfmjj
32435107, Martin, Lillian, aalcbakj
32478329, Harper, Ethel, kgbglkig
32690110, Hines, Carlota, elelbamf
32708005, Alvarez, Justin, fjgkajhg
32763678, Howe, Alton, imjdlcbj
32789655, Jones, Emily, mjcifdia
32816005, Hahn, Anthony, ddmiedhi
32839414, Booker, Andrew, cdchfmgh
32918311, Rico, Brenda, mklclehh
33117240, Mendoza, Alma, ikbbmdij
33283837, Bouillon, Thomas, ealmjfbh
33298539, Montanez, Jeremy, hjdghdlc
33387565, Meads, Eugene, cjkdhkfd
33675355, Brace, Nicholas, cdgljell
33769778, Greene, Peter, mbbbggeb
33917497, Imperial, Brittaney, beedakbh
34153435, Walsh, Martha, echjjflk
34243325, Gonzales, Kenneth, fgbmdbjh
34399348, Sims, Keisha, acbkdkcd
34491354, Parker, Jeanne, kbijeffi
34603512, Perry, Antoinette, ddadkfmm
34631534, Akers, Marvin, eikladak
34647522, Coleman, Johnnie, delldldj
34655989, Jones, James, ejfklekh
34735065, Doyle, Jesse, djafegbf
34776849, Fernandez, Margaret, ljjaaalc
34936744, Soucy, Duane, ehejejlk
35085845, Berry, Barry, hfllcdhc
35143060, Hoke, Terry, jcmgllgc
35283275, Reed, Tessa, chmibhcg
35468750, Anderson, Johnnie, lkmfegag
35550440, Herrera, Timothy, hfakdbkc
35562603, Jackson, Jenna, dgddabfj
35591649, Underwood, Michael, ahjcabbj
35618811, Zeno, Margit, ghljbffi
35792432, Sheckler, Lamont, hmhaaafi
35816323, Stewart, Barbara, dakekdgf
35830664, Lopez, Ernestine, mdkjaddg
35836401, Mickolick, Ervin, clfbmihi
35903985, Armstrong, Thomas, gkilhbme
35987574, Hudson, Sean, faeajbim
36176726, Huppert, Melvin, ckjeejgd
36210624, Johnson, Blaine, edelklkd
36238645, Jacobs, Alfred, elhhehbh
36272213, Pedersen, Jessie, amhefggg
36538869, Myers, Ardis, fhdfgflj
36656713, Reid, Erica, ahafdkei
36802677, Buitron, Duane, mhcghakg
36895955, Yann, Manuel, ifhkfkcg
36929877, Miles, Michael, ifijffkk
36994920, Curtis, Blaine, cmlfcckg
37069878, Smith, Demarcus, ifhdelhh
37188166, Horne, Miranda, heiddfli
37212386, Koch, Robert, hdgekice
37233374, Wilson, Bob, jmjbgjkg
37239370, Reinkemeyer, Enrique, bbiejdcd
37291203, Alvord, Mark, lckggmgi
37398555, Decastro, Savannah, hfihefec
37472534, Mckie, Leonard, chbhcjhj
37596970, Parr, Mindy, mjeemfia
37654732, Rottenberg, Danny, aefcebgd
37673349, Miller, April, hicdiikj
37710860, Correa, Ethel, jchbjgck
38088834, Marshall, Lynda, jlmdfcbj
38120252, Hamm, Emma, hcihifch
38120737, Albrecht, Jasper, hfkhdfcg
38294888, Bonner, Ryan, cdljhjda
38329123, Everett, John, bfdalclk
38416811, Lozano, Hilda, iekmjjjh
38421474, Hampton, Joseph, lmbgjekl
38436874, Stoddard, Ann, lcecghid
38437683, Massimino, Jena, hekjaaca
38603668, Larue, David, kagbegel
38689881, Adamczak, Deborah, lfkbblih
38737381, Flynn, Michael, igggaiik
38895356, Hocking, Jason, amgjccgi
38906920, Kazunas, Rita, dejdgjae
38981026, Kingston, Judy, bcfbhmkh
39409463, Tackitt, William, dahhckhl
39568037, Luong, Mary, ibghiiki
39680872, Conn, Michael, cbliejdg
39697830, Spence, Dave, baflialc
39793666, Turney, Deborah, ablhfljf
39806474, Blair, Elfreda, jifhjggm
39855850, Ingram, Chris, bemlmkja
39911749, Dulaney, Dwayne, lhgmjdkm
39986301, Clark, Brian, ihlbfjhi
40095991, Harris, Luz, bimhhgfd
40104012, Connelly, Karl, hamhaedf
40126528, Jencks, Ida, calbhfdd
40149405, Vincent, Ruth, kmbicghm
40326291, Hargrave, Jean, miedldhe
40416480, Trueblood, Diane, kedefkgl
40618159, Soto, Raymond, hkjheica
40694047, Johnson, Efrain, dklefgma
40700508, Engler, Donald, cjbaichd
40770817, Green, Shirley, mmlekbcc
40787221, Dingle, Ronald, mfebhbdd
40970617, Porter, Marie, gejjkaei
41023261, Reynolds, Juanita, dicigmlc
41049634, Leone, Elvin, kgmgjded
41091154, Graves, Kisha, mdcgkjmm
41099481, Vollmer, Joy, aejfkdfk
41132918, Maye, Thomas, dbdfblmk
41188611, Freeze, Lisa, kgamkgie
41261532, Heagney, Joyce, ddmmjhje
41301966, Lefebvre, Patrick, lbldmcdf
41344845, Honeycutt, Andy, ieledbgj
41512876, Wooley, Charlie, kcikglfh
41683000, Hinds, Antonio, fbagjfeg
41683430, Johnson, David, mkiejhfh
41765518, Happel, Belinda, lijbclib
41814744, Honaker, Jennifer, abkfkhei
42059748, Higginbotham, Athena, labgmhak
42066704, Garcia, Dale, gkhjbbli
42086653, Damiano, Mallory, gfljmbfm
42185781, Henry, Wanda, hkddgkbf
42210438, Blanche, Gary, imabjakg
42479931, Berube, Charles, gbkcfhda
42494385, Clifton, Brendan, fdhghhdl
42526816, Morales, April, ccjmddcd
42676540, Phillips, Reid, fjjmfmaj
42826985, Hudson, Simon, daijlimm
43552507, Christ, Shawn, abfgljde
43554554, Serpa, Kaitlyn, emmkbcad
43798616, Hurt, Robert, dfjbijbk
43984123, Poulin, Clara, kkdihebk
43989875, Sullens, Robert, cfjmcfgk
44133644, Wilcox, Dorothy, jiaekcie
44281958, Haylett, Loyce, ebakiafd
44495424, Sargent, Susan, dbjjbglc
44723394, Hacker, Marlyn, legkeihl
44821717, Mcelrath, Nina, caklfkaa
44957674, Hearn, Marion, bkiaihak
45016886, Gulledge, Martha, mjeiighk
45107715, Loggains, Timothy, facccchl
45145170, Snead, Phyllis, bjbgdaad
45197276, Iser, Helen, geilekbg
45304210, Mahon, Joey, fmfkekaj
45417834, Myers, James, bjgdjidi
45455963, Gallegas, William, fmcfbfgf
45544648, Sears, Dana, helhahib
45621258, Peterson, Karl, fhadbahc
45728220, Reyna, Brenda, gmfigkei
45769090, Bridges, Zachary, ikckkcea
45784232, Schultz, Ruby, lfkiakfi
45853562, Whitaker, Bertha, dlcejfkj
45898747, Miramontes, John, dddifiij
45944288, Oliver, Mark, dkmimeka
46277777, Ross, Maureen, hhjkhfef
46304784, Freeman, Donald, ibidblmk
46305766, Dossey, Charles, ijckkhfd
46430535, Stancil, Caitlin, ghmkclkl
46444230, Holloway, John, jchcmiai
46449920, Sander, Ira, hlmjaacd
46507134, Mcilwraith, Erik, gkecmhlc
46718893, Weber, Norman, dcigmclf
46742190, Apple, Omar, efkfgkjc
46743546, Talib, Carrie, ajemjklk
47048562, Reed, Charles, jbjiamja
47053136, Obenshain, Stanley, kmlbkmbb
47153755, Johnston, Reed, eibgdjjk
47166342, Mata, Dani, lkbcgijc
47204720, Singer, Jose, fgekjmic
47216069, Martin, Louie, ckmcjlih
47253141, Crews, Mary, ahkljidf
47260076, Mcmahon, Daniel, iglkbaak
47310721, Prichard, Elizabeth, hclajabm
47350868, Smith, Karen, aegkhajl
47407416, Long, Rosalinda, fgdelbah
47790916, White, Laura, cghdclmk
47793644, Langley, Gail, kmlacblm
47794617, Edwards, Marie, efkkeefc
47842724, Jones, John, afgjjmik
47859563, Autry, Joyce, ejfdimde
47957838, Orosz, Paul, kmjidbkm
48230208, Prather, Joe, chmkmkbc
48231643, Williams, Robert, jfdfmfdd
48415860, Wilson, Leon, dabjdkhd
48416998, Massey, Alberto, jjgldbab
48458655, Castilla, Michell, kehigacg
48476755, Hennessey, Danielle, adeiibke
48521106, Cracchiolo, Michael, eecgakca
48608565, Tinsley, Patricia, ibhjkdil
48774203, Camerano, Jerome, djkkalbk
48796079, Stokes, Anthony, aamfmlaj
48930233, King, Raquel, aelcddim
49111554, Barton, William, mhldilbe
49196977, Reid, Mariano, dgjddmck
49227244, Reynolds, Anthony, gkecahla
49303859, Mcknight, David, lhggcjif
49334763, Johnson, Harry, jcmhiagd
49449974, Brown, Robert, cfhjkjea
49451880, Burlew, Irene, mhhcmdfa
49588432, Mangram, Stephaine, lbfgikid
49692307, Kahl, William, kakmbekg
49714781, Smith, Curtis, kaahdkck
49754917, Brock, Bonnie, aifkakma
49775890, Kim, Sandra, fhghdlhj
49956046, Hurless, David, klckglcc
50344457, Estrada, Francis, cfjdmlig
50394833, Skimehorn, Helen, kehbeggk
50606511, Schofield, Andrea, ckmjdkjf
50620460, Larsen, Jane, ikjhchjj
50729179, Fuller, Larry, iflkjaig
50733168, Howard, Christine, mmjeafgi
51075298, Montez, Christine, jikhimlh
51177689, Markland, Bernard, bibjdccm
51262140, Francese, Bertha, hmidhehe
51359731, Bush, Michael, aecglaib
51418488, Zamora, Wesley, ldbimfje
51548800, Hundley, Gary, fbgfbjke
51819708, Pike, Gina, jkkmfbhg
51932297, Rosado, Stella, haeijjal
51961462, House, Eric, mddkjiij
51961576, Hodak, Raymond, cjjgbkle
51989739, Walters, Jennifer, gibmdemh
52000635, Ziglar, Brian, jahbbhhe
52063221, Pollock, Andrea, cdjjikjm
52121076, Lawson, Crystal, cejmfgdi
52129113, Sperling, Leroy, ljgdgikb
52172846, Sobieski, Dorian, aaafjhda
52191548, Guenther, Aaron, fchiedjj
52281100, Williams, Vanessa, bddfmehj
52477555, Burke, Kathy, mdkalfii
52644150, Combs, Jeff, kgembbdg
52681487, Conley, Melanie, mjjjkmfg
52683607, Orosco, Marilyn, dmabggli
52720663, Lewis, Christopher, ibbbdich
52761490, Brittingham, Barbara, lmjhlckk
52769506, Mcclure, Maureen, gicjjiaf
52782513, Fox, Latonya, kmahhlbb
52830880, Malveaux, Hannah, aagkmmkb
52902429, Orosco, James, migmklal
52908818, Vincent, Roy, dmahgdhj
52922834, Rosol, Willie, klfaedgl
53003241, Morgan, Terrence, gcmgkcjm
53069442, Beauchamp, Carlos, maemfcmk
53072891, Monk, William, cikadjlc
53217032, Sanderlin, Lawrence, abmbdkmb
53391712, Harris, Mike, laeibckj
53423918, Goad, Angela, jefmmhcl
53448621, Crowell, Yvonne, efcllcmi
53540809, Fultz, Tiffany, acgamfcc
53673159, Zamora, Harry, mljmfdbc
53781676, Ralph, Mary, jbgeliff
54108655, Myers, Mechelle, lfkdhfam
54137114, Lisonbee, Lorriane, aeghhldm
54241530, Armstrong, Audrey, milfmaji
54258997, Blocker, Berry, cgdlbdjh
54290041, Delgado, Patricia, hjbkdjah
54369546, Soto, Evelyn, liagklmb
54422263, Strasser, Leo, dgclmfcg
54489192, Darden, Colton, cjclklmg
54498198, Fuss, Nicole, blgbeihk
54575384, Myers, Patrick, afgkhijk
54585230, Horton, Ivy, afcefgag
54606027, Perry, Darline, fcmlijmc
54705211, Veach, Charles, gdbhaefl
54838323, Watland, Melvin, maijdijc
54989207, Ingram, Henry, figicjhg
55270625, Twine, Maria, cbgdkmjh
55306829, Doucette, Claire, ajkilhfe
55450165, Withrow, Fanny, hhdlflib
55554018, Stelle, Rachelle, lllmcbkm
55718759, Green, Patricia, igdamklb
55791139, Sosa, George, bdilkaji
55808189, Perez, Margaret, dlclkgag
55870480, Bourne, Doyle, jmeffmkb
55915783, Bienenstock, Gloria, aicmcabk
56186526, Mcmahon, Mark, hcckhdhk
56256316, Rodgers, Britney, fdkkekic
56292328, Rudolph, Warren, aikcldma
56467804, Savoy, Edward, bkjmbbkl
56534864, Beavers, Amanda, hiibjmmg
56588505, Shannon, Vina, bhlafigb
56757214, Sandifer, Rebecca, afidjkfi
56811973, Askew, Karen, cbgjglgm
56932492, White, David, cbeeallf
57157230, Herrera, John, falcdalm
57296461, Rodriguez, Raymond, mdbmjbbj
57382838, Matlock, Darlene, ichcabhd
57538200, Graham, Ann, mjfgfmai
57538533, Cochran, John, aicjbibh
57577281, Battaglia, Brenna, beiggcjm
57588206, Phipps, Evelyn, ckbgbdhf
57615637, Oakman, Carlos, ekfgheke
57657725, Beyl, Robert, faghbiei
57684747, Smith, Melanie, fgidccjm
57795428, Mcphail, Stacey, gdjcfhdj
57819158, Crenshaw, Lonnie, eggkmebd
57905973, Steinke, Nancy, ifghjgkg
57911666, Crawford, Stephen, efkalach
57940222, Hallquist, Charles, chiegdbc
57991601, Todd, Virginia, cdakgfjl
58068195, Gomez, Ashley, jikjidcg
58074058, White, Gary, lijmemla
58085436, Parker, Patricia, lcfimkbl
58141271, Pahl, Larry, bifjahbl
58190635, Zambrana, Madeline, djjbgfmf
58406457, Stohler, John, gebmhglb
58501428, Mott, Lydia, ililmcgc
58581075, Josilowsky, Megan, gimbkiik
58616208, Salmons, Arthur, cfmhgdhh
58655194, Shiner, Justin, hhelkhah
58670197, Hardy, Gina, bjmgddkl
58701444, Watson, Arthur, kgfmfbih
58729445, Rodriguez, Maria, chfhjdeh
58764327, Benedict, Maria, cmflfeei
58783715, Krenz, Gustavo, eklimgbf
58787091, Russi, Herman, fiagifcg
58945624, Morrison, Lori, ichggjfd
58953349, Whorley, Lucy, helaigfl
59103441, Varela, Alan, lldealmh
59186135, Simpson, Carrie, dkajmfba
59221771, Brassell, Justin, ddehigka
59248658, Brown, Claude, cdhkegde
59302731, Schenk, Laura, lhimlimk
59698802, Woodson, John, mmbgddaj
59821166, Vance, Frank, ambaabcb
60048679, Black, Jeffrey, cbljiihj
60096171, Preister, Linda, lkblgkeb
60125015, Hanson, Melvin, dffbcgli
60225752, Knox, Samuel, aiemdbmb
60254997, Gonzales, Barbara, eeamcled
60264076, Weathers, Conrad, jfiehdkh
60326827, Kay, Sarah, deedkadj
60353983, Merrow, Barbara, ekhlefia
60409644, Barnes, Donald, gglbgfef
60502203, Walker, Judy, cgbdbjgc
60609236, Snyder, Thomas, jjcamjii
60637987, Tedeschi, Leah, fldaegmh
60643332, Back, Teodoro, fclflmfb
61082045, Atkinson, Rosina, dhjgibeg
61104831, Hayes, Keith, fceklbbk
61235240, Wade, Thelma, ckdfjejh
61256068, Toney, Randy, filadkdb
61259918, Shanholtz, Catheryn, elhcdebm
61338996, Sanford, Charles, kdebdagm
61397777, Wooden, Bobbi, jfkabffi
61406521, Long, Nicolette, dadhadak
61408997, King, Barbara, jmmehgbe
61601523, Lozoya, Wanda, edggjlma
61707156, Dailey, Gregory, iabdcjcg
61770417, Bailey, Warren, jkmchbja
61857248, Evans, Mary, imcmlgmb
61973436, Young, Betty, jdmehded
62024518, Alvarez, Andrew, dliflbmg
62107825, Vinciguerra, Henry, ekfedfik
62300268, Allen, Paul, mlcdkfjk
62364411, Frierson, Jennifer, dbaiikke
62404916, Vause, Lucy, idcelcem
62498330, Dorman, Norma, jjliaial
62607867, Rautio, Zachary, gkabcdmj
62624472, Davis, Margaret, cebcggjg
62651466, Terepka, Jeanne, ahdfemdl
62886081, Hatfield, Tarsha, fcaaeafh
63024338, Read, Douglas, kijbgcfb
63028951, Weston, Joan, ahbheigc
63047039, Graham, Anthony, idjjhakf
63053088, Goodman, Theodore, ajgghdli
63056235, Parker, Linda, hbeldgmc
63146174, Raines, Virginia, fedlibdm
63148764, Risner, Charles, mjcldjaj
63307382, Carter, Eleanore, bkkicmea
63590322, Chase, James, lhhbchca
63608550, Douglas, Evan, ghfabdjf
63665413, Gardea, Heidi, kflbklbg
63675849, Riley, Jolynn, kgcmmccm
63728580, Wilson, Terrence, jmhkdebd
63731506, Roussel, Iva, hdhbijlk
63884497, Ard, Ignacio, jejgimam
63889768, Watts, Clara, aejakick
63968737, Ortiz, Vanessa, llbblimb
64040629, Segraves, John, mhaekckc
64061180, Bell, Todd, ibjljaii
64112914, Weldon, Mary, gbgglghe
64148597, Hunt, Robert, dmjlfkak
64251813, Colpitts, Rafael, afmiikel
64281525, Shafer, Dianne, hkidifej
64455226, Zeigler, Monique, abmemmil
64465493, Zeman, Dawn, emjhifgl
64521176, Peoples, Rebecca, jkgaiijh
64625293, Smith, John, abbkjhac
64643765, Roebuck, Kevin, lgjgbaha
64681375, Eldridge, Dorothy, gflcccjh
64898518, Ellis, Desmond, jgehhbed
64936099, Navarro, Daphne, imgcdilg
65040360, Clark, Elizabeth, lmecjmkk
65136231, Cardwell, Crystal, dcjljmbj
65185982, Guynn, Richard, khfjlcge
65224221, Candelaria, James, lhlcmhkf
65326248, Rains, Pauline, idchlbak
65481809, Galante, Marlene, ggilfkfg
65739263, Johnson, James, bdcklbai
65818738, Fults, Joan, libmmbhh
65873837, Gantner, Vida, fhbeehek
65873959, Lynch, Sharon, djgkalkc
66009545, Johnson, Irene, mabbilff
66012981, Marsh, Sandra, blegkfdl
66341011, Taylor, Emma, kebbilec
66518033, Eaton, Matthew, flhleljc
66575970, Robinson, Latasha, ibaeifbm
66618582, Griffith, Eugene, hibcgblm
66845589, Cortez, Wayne, bdjhkbak
66900270, Flinn, Patricia, bdkkhfcm
67063800, Rork, Phillip, eacakabi
67184555, Bright, Christy, dbhibafe
67252118, Gates, Rita, aambaail
67354922, Liu, Rachel, bcfdfcim
67387088, Steen, Wilhelmina, hdljaakd
67407515, Owen, Merle, gmcbfgmm
67511445, Murray, Bettina, gkbfjbke
67525377, Bryant, Grace, gakmagad
67679896, Harris, Edwina, ikefmccg
67719396, Dickey, Rachel, ghhgddmb
67743862, Gamboa, Rose, aldcjcic
67750807, Rowland, Kevin, ackfhfkf
67823286, Brown, Lisa, eammfabk
67853739, Doucette, James, kadhdckg
67977511, Collman, Larry, cfjacldi
68005208, Nunn, Thomas, ehemicig
68011547, Olsson, Dennis, iidjkehh
68109828, Rosen, Kyle, hebeicdf
68267978, Cheng, Mary, mdbelaga
68393668, Przewozman, Nancy, hajjkbck
68471878, Brown, Kimberly, jgfcdkld
68624640, Pulaski, William, lfdlehel
68631584, Saravia, Nicole, jhhlelhk
68658510, Falkowski, Steven, bkfhefea
68774213, Rawlinson, Donald, lfafecif
69180499, Torres, Larry, llikbfgc
69387317, Barber, Aaron, gfigjgcg
69430959, Goulet, Patrick, cmijhajl
69464331, Jackson, Judy, gjelkblh
69625004, Flatt, Ethel, memidekf
69829603, Whiteside, Denise, chcmefac
69969129, Sprague, Linda, kmmkkejf
70006525, Kline, Patrick, celilkih
70198545, Simpson, Tim, mcfcdbaf
70371425, Guerrero, Patricia, hbbleafg
70617499, Edmunds, Maria, ijjfgfii
70808552, Martin, Vera, maimjkkg
70991415, Duggan, Colleen, ggdchhch
71019197, Tran, Jimmie, mbamblbb
71331588, Wilds, Martha, diclfgam
71335977, Hall, Carlos, acllhfgk
71444210, Lewis, Patricia, aeajgmlj
71537169, Mcneill, Patricia, cehhdbmc
71841796, Bowen, Sherri, gmjackjk
71896244, Bergseng, Steve, bgecifai
72058723, Gaucin, Amanda, hiihlhjb
72209146, Baumgardner, Shannon, lgmkdjci
72211846, Miller, John, mcgeiafk
72227441, Wharton, Marylou, difdgkbi
72234322, Madore, Toni, hfgjlijl
72503082, Cantu, Troy, ijgicklj
72663303, Thompson, Matthew, ghmgdhjg
73000460, Rudnicki, George, fmcihief
73002097, Russ, Michael, dhfadaig
73027139, Willett, Indira, bjdkdkme
73248301, Blethen, Henry, kbdeikgl
73256040, Vaughan, Malissa, jfgihmhd
73267072, Sample, Mark, kbgffmmm
73285378, Funderburk, Kevin, dgielbdd
73323037, Wilbanks, Barbara, jhihaagj
73341898, Wise, Larry, miidedih
73342209, Mason, Ralph, klgmmeci
73362506, Till, Donte, hmkgmflc
73401562, Daugherty, Lisa, blijigla
73405623, Tanner, Homer, akkmeeib
73412507, Scott, Adam, gmdghjkl
73525529, Miller, Kristin, idkfdkdb
73579997, Mitchell, Wendell, kmkmmcdh
73620701, Thomas, Joseph, kiakcahi
73622774, Peterson, Francis, fgbmejbk
73780744, Mclean, Rodney, aacahdhb
73783404, Briley, Ramona, chbbkhgk
74043854, Gaitan, Tara, ifjidfaj
74382169, Mack, Antonio, cifclead
74522611, Lapointe, Donna, mhklckjd
74663725, Dorazio, Rita, aeefelkg
74760986, White, Lisa, kkkgmdhb
74873039, Ledbetter, Susan, embmekhk
74973853, Johnson, Richard, eajjajbk
75015271, Anders, Brandy, adccdcjb
75318595, Ford, Earl, ahiacdel
75433529, Primavera, Jennifer, fljebkci
75463768, Isenhour, William, fkliflma
75488264, Sykes, John, gfideehe
75488448, Eddy, Johnnie, dgahalaa
75507811, Rea, Paul, klembgmi
75521415, Mckeithan, Virginia, haghmbla
75563339, Wildridge, Paul, hglcmcbf
75690923, Palumbo, Evelyn, fmldflii
75771163, Weber, Sean, mgkbbkbk
75867223, Mcconnell, Ernestine, eieailam
75893197, Hayward, Ramon, cagligab
76013181, Beck, Margaret, hgeedlcb
76075387, Phillips, Tatiana, dbjfkgba
76133972, Otey, Brian, bmfigaba
76231094, Kelly, Shirley, eljgeiml
76325492, Rowell, Jermaine, igegkbaa
76411773, Dirks, Rodney, ckbifmag
76421230, Anderson, Mark, jkhdilhe
76471154, Goss, Bette, hlccldfg
76503723, Mcneely, Stacey, egkhjcdg
76582524, Gomez, Michael, mafkcbdm
76589063, Robinson, Madeline, fjmajbga
76653642, Silva, Steven, ibcbdmjl
76664194, Sharp, Maria, jckljflc
76808886, Warren, Mildred, hlmdhbfl
76888539, Adams, Howard, djekkigl
77021725, Jennrich, Wilma, clikaabd
77071680, Bulson, Willie, mmjielfm
77213254, Paik, Abbey, mmmehagi
77501720, Obrien, Brenda, bbgjglae
77601016, Walls, Marguerite, kfajmmde
77601428, Gregg, Jerry, clekhlba
77838693, Despain, Stephanie, bdacafhb
77907881, Nguyen, Mattie, fdecdbca
77915710, Butt, Willard, bmahmjia
78017459, Peevey, Kenneth, fakkjaga
78045255, Schwartz, Frank, biehkjee
78090288, Byrd, Robert, eeiemjjl
78242303, Jeffers, Philip, edfikbbk
78279718, Massey, India, djedebag
78337686, Deems, Fred, mgibjgak
78661611, Dunagan, Joy, hjdlbdll
78861594, Thurman, Michael, deghbjac
79523865, Hopper, Elizabeth, eblfgbhh
79544198, Neal, Travis, ejffkfdj
79545112, Woods, William, hlmjclgf
79618886, Dowell, Robert, fabcekfm
79846736, Roberge, Mark, kllihhab
80027974, Davis, Laura, didefmjk
80118202, Stafford, Blake, hdhiihdl
80234271, Burke, Bonita, meiibcgm
80266502, Romanik, Patsy, bajhkjmk
80625214, Ramos, Hazel, aljkemdh
80657713, Estes, David, beabeeff
80696156, Palmer, Carolyn, ikfmihmb
80708887, Costello, Emily, ckkiejkj
80747185, Webb, Amy, hlbbejgc
80766931, Schlueter, Kenneth, ifgmcgim
80847428, Nichols, Shirley, hlifaicf
80880980, Zaragoza, Harry, kbgakkik
81023787, Seamans, Andrea, jmhjhkam
81070956, Franklin, Stephanie, bhjighmd
81158671, Barrett, Corey, cbcikihb
81178039, Sheridan, Natalie, kflljlem
81186523, Lobe, Perry, efdjdjjc
81265912, Mathwich, Brian, jbdjimdf
81330954, Bigley, Billy, kjhhkdia
81392990, James, Patricia, hgbdamam
81394910, Prestwich, Alyson, kgjejgjm
81430258, Morreale, Louise, mblfkael
81431593, Gutierrez, Mary, fkllefjk
81600874, Barry, Travis, ciagajli
81610017, Nelson, Raeann, kkeeeggc
81622894, Pellerin, James, jeabdega
81803733, Haddock, Will, jjhemdme
81839553, Atchison, Vicki, kldhhhfk
82092377, Cheatham, Nicholas, kaclcaei
82172993, Torres, Janet, mibkibbf
82177392, Duberry, Trisha, llfeifkh
82345848, Thompson, Gregory, jjakfagd
82401653, Brown, Gary, gddilmmc
82489450, Dempsey, Greg, kfmcmmmi
82535425, Chapman, Catherine, ldeliaic
82652744, Rodriguez, Anthony, mibakjhm
82847092, Farmer, David, mciibgdj
82847821, Colon, Kim, glgekcgd
82911040, Hancock, Norman, jeibikhk
82928317, Hill, Jack, akimjejc
82998932, Brock, Christopher, lmlheaim
83270328, Kimbrell, Scott, ljecakgl
83319492, Lopez, Amy, ifilkefl
83426749, Gattis, Shirley, gkaedhej
83446157, Snyder, Veronica, cgefifee
83729752, Hill, Leonard, clhmhhge
83796214, Coppinger, Ermelinda, bihgckdd
83800653, Laney, Granville, fgfbkfba
83987036, Senato, Rebecca, ehhiaejm
84055838, Herman, Ola, jdiifhmk
84089823, Shultz, Susan, dgcfcijb
84195872, Gutierrez, Shannon, mmaggafj
84217687, Sanchez, Juan, jfdahekc
84244646, Englander, Marilyn, bajkhdme
84355260, Soler, Marlene, aadblafl
84389971, Heavner, Shirley, kcafmkhb
84489718, Weber, Catherine, bfakgeia
84517663, Benoit, Eulalia, llgiebcm
84635731, Pearson, Albert, hcfhchkh
84683499, Hughes, Mark, imbdahhj
84686359, Moss, Oscar, cgcljfij
84708543, Solomon, Alex, kfjfakcm
84732614, Washington, Alvin, jhdajchf
84774501, Keaton, Ralph, iddiambh
84879961, Mara, Barbara, elickhcd
85447075, Spindler, Katherine, bhjiliem
85600593, Merritt, John, hglmdhmf
85601536, Eller, David, fcekllfg
85704408, Whalen, Pamela, gcjkjhmh
85704543, Connor, Ashley, ghbimfkl
85827757, Dudley, Cynthia, ilgemkfi
86245388, Han, Kyle, jiafecel
86426437, Velasquez, Tasha, ifeejgel
86525697, Spraggins, George, amgjdadh
86794183, Lightfoot, Wayne, ibchkdmd
87078295, Rosa, Joyce, ealijjld
87237259, Beaudette, Kris, jmiekeba
87400172, Frye, Richard, cbcadimb
87411094, Wilhoit, Mary, jeklahje
87417052, Garza, Tony, ghiheedi
87518984, Morrison, Ian, bfbjbgjc
87562540, Upton, Jeremy, aheclaid
87781401, Matthews, Rosa, efddgicl
87817844, Banks, John, ckgeadfm
87978490, Ave, Albert, ajafgmea
88030820, Kase, Ricky, hfbfcgkl
88220266, Golay, Charles, bilccjkg
88401650, Hisaw, Tracy, iccadifb
88439079, Testa, Donnie, ddiighfd
88476363, Reed, David, ddkicegd
88481619, Duet, Victoria, ljcfcgdm
88528620, Vandeusen, Ofelia, adhlhimk
88600777, Richard, William, hhkkdflm
88772674, Aguilar, Gary, hcdedbdl
88976439, Cavanaugh, Elizabeth, biejefbh
89030545, Waller, Robert, elcbcefj
89091400, Densmore, Thomas, jebbbhhe
89291608, Sparks, John, fbiggbfg
89406991, Powers, Buford, iafklddi
89471764, Botto, Raymond, eaibhema
89794869, Latour, James, egghidbc
89819566, Kerber, Samantha, jimlcjdl
89905650, Lotthammer, David, aelkieje
90051662, Foster, Yolanda, ilhbegib
90202845, Strickland, Carmen, laimdmal
90245406, Morago, Carl, ffjbijhm
90278499, Preston, Luis, hjahhaaf
90348510, Duncan, Mark, adllbamc
90502918, Fugate, Jason, fjkakjhb
90511887, Green, John, mbfjaacb
90622985, Johnson, Maria, cmhldfak
90752546, Davison, David, gimefabi
90756568, Haynes, Teresa, bdakbmma
90805761, Black, Particia, gjgliidj
90995034, Johnson, James, bmliliik
91015395, Greene, Margaret, kjdmbill
91209184, James, Thomas, cgkacfjh
91287488, Lane, Becky, lggjkmmf
91381415, Winder, William, ikiaclgk
91520673, Rodriquez, Bret, imdegfil
91568500, Saenz, Catherine, fkkiikch
91692852, Myers, Rachel, mbdihimh
91929831, Brentley, Steven, imhdabmi
92106826, Dinh, Gerald, jmmjkecb
92157494, Mead, Luther, kbgmmilf
92359897, Daniel, Jeffrey, dcmkajib
92539291, Baker, John, lagagamd
92574868, Pacheco, Frances, fhjagdgh
92590064, Palacios, John, fhcfkidm
92871189, Causey, Luis, lkddgjmc
92878581, Johnson, James, bjbfcclk
92944272, Harrison, Rose, ekbelbhj
92990354, Richters, James, ajhcbibb
93090373, Brent, Samuel, egihidkc
93123678, Dickey, Maria, ighfbami
93325229, Gregg, Chelsea, lcehhafh
93600262, Diaz, Amanda, hekligki
93615553, East, Kevin, lhckallj
93631903, Maddox, Reed, mfedjjcc
93704137, Luckhardt, Omar, kakfcbcd
93738112, Boudreaux, Michael, mcfmjbje
93828135, Rusnak, Abe, ehedgkia
93904282, Hobson, Johnny, ljkkdbkm
93925092, Wright, Hester, aiggjkmc
93953710, Seidlitz, Ronald, kgcddhgi
93967597, Meres, Leon, efckfdej
94015465, Garlock, William, kjialedd
94236746, Fluellen, Judy, mdlcddfj
94347129, Cotton, Alfred, amdllaij
94425225, Mineo, Grace, fcgigjjb
94536773, Wilson, Mary, bmmhceda
94590010, Dodson, Joan, efcfbifi
94656161, Sager, Tamela, cehmibei
94776661, Long, Wilma, ejjdkflf
94984815, Gordon, Leona, hmibcemi
95060457, Hale, Natalie, bfiaikki
95180855, Johnson, Babette, diidgcbi
95252109, Mcleod, Lena, hbeffkjk
95307918, Williams, Andre, gedcglhj
95469561, Raheja, Joseph, eggkkmbe
95473190, Matthews, John, ggcfmilc
95648643, Foster, Julianna, behfckdj
95708474, Wilson, Molly, memldglb
95732900, Mestad, Mary, dcefkljg
95781821, Daugherty, Jerry, edeeaafg
95785911, Cottle, Mary, kjkadmha
95915222, Sandlan, James, kfgfkccm
95974825, Morrison, Melva, fhhbgmel
96115750, Turner, Gary, mlfjmmem
96316967, Keen, Donna, jhmakjbm
96331468, Cannon, Troy, hllkhldd
96467491, Lee, Raymond, gkmkikje
96687342, Cox, Elizabeth, jelkhiah
96766579, Re, Tyrone, geimfafc
97201850, Sherman, Robert, jkmkhkcb
97268636, Pishko, Lisa, cjdmdmfd
97339300, Cavanagh, Dawn, kfjilhha
97403372, Driscoll, Earl, cbdigdkd
97546974, Stevens, Ruth, ceblfkdi
97576517, Hester, Michael, bleabgkg
97633485, Mapp, Janis, gfaihjkg
97643757, Seay, Beverly, fgihblgi
97764803, Hall, Mary, bmegejal
97794082, Echols, Ruby, dcbblikl
97985547, Lundy, Nancy, gmhammdi
98123288, Koehler, Joseph, cdlligcj
98197553, Cooley, Lauren, jcbfejmc
98199464, Eller, Valerie, mieaajdb
98267955, Rodriguez, Ana, ajlclegf
98271225, Gionfriddo, Genevieve, edcbilkb
98551527, Barone, Florene, cfjbemca
98565634, Scales, Mary, djdfemfg
98680370, Blandy, Marguerite, kmilagci
98687974, Hunt, Mae, jacmdaff
98704200, Wilson, Jason, gihhlfgi
98766690, Denton, Flo, dlclijfb
98919968, Mabry, Sharyn, dddmmlge
98980221, Lipton, Mary, iieicbmg
98985747, Noland, Lona, lledfmlj
99009570, Evans, Thomas, jdfkemgf
99059487, Nunez, Kevin, kfiakaac
99134241, Dumbleton, Paula, bblldfel
99146401, Brightwell, Betty, hkdebgdj
99236610, Stein, Joan, kmblimlj
99250842, Cunningham, Alla, gfgbegda
99421757, Jones, Lindsey, efdkeckb
99587192, Morgan, William, ggegbeff
99895224, Ditullio, Linda, aeajlmkk
